group	stage	mode	values	exact	pct_bitexact	max_abs	max_ulp
input	indep_cond.seq	cumulative	71	71	100.000000	0.000000e0	0
input	indep_cond.idx	cumulative	71	71	100.000000	0.000000e0	0
input	indep_cond.bond_feats	cumulative	5041	5041	100.000000	0.000000e0	0
input	indep_cond.same_chain	cumulative	5041	5041	100.000000	0.000000e0	0
input	indep_cond.chirals	cumulative	240	240	100.000000	0.000000e0	0
input	indep_cond.xyz	cumulative	7668	7668	100.000000	0.000000e0	0
input	indep_uncond.seq	cumulative	71	71	100.000000	0.000000e0	0
input	indep_uncond.idx	cumulative	71	71	100.000000	0.000000e0	0
input	indep_uncond.bond_feats	cumulative	5041	5041	100.000000	0.000000e0	0
input	indep_uncond.same_chain	cumulative	5041	5041	100.000000	0.000000e0	0
input	indep_uncond.chirals	cumulative	240	240	100.000000	0.000000e0	0
input	indep_uncond.xyz	cumulative	7668	7668	100.000000	0.000000e0	0
input	indep_orig.seq	cumulative	71	71	100.000000	0.000000e0	0
input	indep_orig.idx	cumulative	71	71	100.000000	0.000000e0	0
input	indep_orig.bond_feats	cumulative	5041	5041	100.000000	0.000000e0	0
input	indep_orig.same_chain	cumulative	5041	5041	100.000000	0.000000e0	0
input	indep_orig.chirals	cumulative	240	240	100.000000	0.000000e0	0
input	indep_orig.xyz	cumulative	7668	7668	100.000000	0.000000e0	0
input	is_diffused	cumulative	71	71	100.000000	0.000000e0	0
features	rfi.msa_latent	cumulative	11644	11644	100.000000	0.000000e0	0
features	rfi.msa_full	cumulative	5893	5893	100.000000	0.000000e0	0
features	rfi.sctors	cumulative	2840	2840	100.000000	0.000000e0	0
features	rfi.dist_matrix	cumulative	5041	5041	100.000000	0.000000e0	0
features	rfi.chirals	cumulative	240	240	100.000000	0.000000e0	0
features	rfi.t1d	cumulative	16188	16188	100.000000	0.000000e0	0
features	rfi.t2d	cumulative	685576	685576	100.000000	0.000000e0	0
features	rfi.xyz_t	cumulative	426	426	100.000000	0.000000e0	0
features	rfi.alpha_t	cumulative	8520	8520	100.000000	0.000000e0	0
features	rfi.xyz	cumulative	7668	7668	100.000000	0.000000e0	0
features	rfi.seq	cumulative	71	71	100.000000	0.000000e0	0
features	rfi.seq_unmasked	cumulative	71	71	100.000000	0.000000e0	0
features	rfi.bond_feats	cumulative	5041	5041	100.000000	0.000000e0	0
embed	latent_emb.msa	standalone	18176	18176	100.000000	0.000000e0	0
embed	latent_emb.pair	standalone	967872	967872	100.000000	0.000000e0	0
embed	latent_emb.state	standalone	4544	4544	100.000000	0.000000e0	0
embed	full_emb	standalone	4544	4544	100.000000	0.000000e0	0
embed	bond_emb	standalone	967872	967872	100.000000	0.000000e0	0
embed	recycle.msa	standalone	18176	18176	100.000000	0.000000e0	0
embed	recycle.pair	standalone	967872	967872	100.000000	0.000000e0	0
embed	recycle.state	standalone	4544	4544	100.000000	0.000000e0	0
embed	templ_emb.pair	standalone	967872	967872	100.000000	0.000000e0	0
embed	templ_emb.state	standalone	4544	4544	100.000000	0.000000e0	0
trunk	pos	standalone	322624	322624	100.000000	0.000000e0	0
trunk	extra_block.0.msa2msa	cumulative	4544	4544	100.000000	0.000000e0	0
trunk	extra_block.0.msa2pair	cumulative	967872	967872	100.000000	0.000000e0	0
trunk	extra_block.0.pair2pair	cumulative	967872	967872	100.000000	0.000000e0	0
trunk	extra_block.0.str2str.xyz	cumulative	639	639	100.000000	0.000000e0	0
trunk	extra_block.0.str2str.state	cumulative	4544	4544	100.000000	0.000000e0	0
trunk	extra_block.0.str2str.alpha	cumulative	2840	2840	100.000000	0.000000e0	0
trunk	extra_block.0.str2str.quat	cumulative	284	284	100.000000	0.000000e0	0
trunk	extra_block.1.msa2msa	cumulative	4544	4544	100.000000	0.000000e0	0
trunk	extra_block.1.msa2pair	cumulative	967872	967872	100.000000	0.000000e0	0
trunk	extra_block.1.pair2pair	cumulative	967872	967872	100.000000	0.000000e0	0
trunk	extra_block.1.str2str.xyz	cumulative	639	639	100.000000	0.000000e0	0
trunk	extra_block.1.str2str.state	cumulative	4544	4544	100.000000	0.000000e0	0
trunk	extra_block.1.str2str.alpha	cumulative	2840	2840	100.000000	0.000000e0	0
trunk	extra_block.1.str2str.quat	cumulative	284	284	100.000000	0.000000e0	0
trunk	extra_block.2.msa2msa	cumulative	4544	4544	100.000000	0.000000e0	0
trunk	extra_block.2.msa2pair	cumulative	967872	967872	100.000000	0.000000e0	0
trunk	extra_block.2.pair2pair	cumulative	967872	967872	100.000000	0.000000e0	0
trunk	extra_block.2.str2str.xyz	cumulative	639	639	100.000000	0.000000e0	0
trunk	extra_block.2.str2str.state	cumulative	4544	4544	100.000000	0.000000e0	0
trunk	extra_block.2.str2str.alpha	cumulative	2840	2840	100.000000	0.000000e0	0
trunk	extra_block.2.str2str.quat	cumulative	284	284	100.000000	0.000000e0	0
trunk	extra_block.3.msa2msa	cumulative	4544	4544	100.000000	0.000000e0	0
trunk	extra_block.3.msa2pair	cumulative	967872	967872	100.000000	0.000000e0	0
trunk	extra_block.3.pair2pair	cumulative	967872	967872	100.000000	0.000000e0	0
trunk	extra_block.3.str2str.xyz	cumulative	639	639	100.000000	0.000000e0	0
trunk	extra_block.3.str2str.state	cumulative	4544	4544	100.000000	0.000000e0	0
trunk	extra_block.3.str2str.alpha	cumulative	2840	2840	100.000000	0.000000e0	0
trunk	extra_block.3.str2str.quat	cumulative	284	284	100.000000	0.000000e0	0
trunk	main_block.0.msa2msa	cumulative	18176	18176	100.000000	0.000000e0	0
trunk	main_block.0.msa2pair	cumulative	967872	967872	100.000000	0.000000e0	0
trunk	main_block.0.pair2pair	cumulative	967872	967872	100.000000	0.000000e0	0
trunk	main_block.0.str2str.xyz	cumulative	639	639	100.000000	0.000000e0	0
trunk	main_block.0.str2str.state	cumulative	4544	4544	100.000000	0.000000e0	0
trunk	main_block.0.str2str.alpha	cumulative	2840	2840	100.000000	0.000000e0	0
trunk	main_block.0.str2str.quat	cumulative	284	284	100.000000	0.000000e0	0
trunk	main_block.1.msa2msa	cumulative	18176	18176	100.000000	0.000000e0	0
trunk	main_block.1.msa2pair	cumulative	967872	967872	100.000000	0.000000e0	0
trunk	main_block.1.pair2pair	cumulative	967872	967872	100.000000	0.000000e0	0
trunk	main_block.1.str2str.xyz	cumulative	639	639	100.000000	0.000000e0	0
trunk	main_block.1.str2str.state	cumulative	4544	4544	100.000000	0.000000e0	0
trunk	main_block.1.str2str.alpha	cumulative	2840	2840	100.000000	0.000000e0	0
trunk	main_block.1.str2str.quat	cumulative	284	284	100.000000	0.000000e0	0
trunk	main_block.2.msa2msa	cumulative	18176	18176	100.000000	0.000000e0	0
trunk	main_block.2.msa2pair	cumulative	967872	967872	100.000000	0.000000e0	0
trunk	main_block.2.pair2pair	cumulative	967872	967872	100.000000	0.000000e0	0
trunk	main_block.2.str2str.xyz	cumulative	639	639	100.000000	0.000000e0	0
trunk	main_block.2.str2str.state	cumulative	4544	4544	100.000000	0.000000e0	0
trunk	main_block.2.str2str.alpha	cumulative	2840	2840	100.000000	0.000000e0	0
trunk	main_block.2.str2str.quat	cumulative	284	284	100.000000	0.000000e0	0
trunk	main_block.3.msa2msa	cumulative	18176	18176	100.000000	0.000000e0	0
trunk	main_block.3.msa2pair	cumulative	967872	967872	100.000000	0.000000e0	0
trunk	main_block.3.pair2pair	cumulative	967872	967872	100.000000	0.000000e0	0
trunk	main_block.3.str2str.xyz	cumulative	639	639	100.000000	0.000000e0	0
trunk	main_block.3.str2str.state	cumulative	4544	4544	100.000000	0.000000e0	0
trunk	main_block.3.str2str.alpha	cumulative	2840	2840	100.000000	0.000000e0	0
trunk	main_block.3.str2str.quat	cumulative	284	284	100.000000	0.000000e0	0
trunk	main_block.4.msa2msa	cumulative	18176	18176	100.000000	0.000000e0	0
trunk	main_block.4.msa2pair	cumulative	967872	967872	100.000000	0.000000e0	0
trunk	main_block.4.pair2pair	cumulative	967872	967872	100.000000	0.000000e0	0
trunk	main_block.4.str2str.xyz	cumulative	639	639	100.000000	0.000000e0	0
trunk	main_block.4.str2str.state	cumulative	4544	4544	100.000000	0.000000e0	0
trunk	main_block.4.str2str.alpha	cumulative	2840	2840	100.000000	0.000000e0	0
trunk	main_block.4.str2str.quat	cumulative	284	284	100.000000	0.000000e0	0
trunk	main_block.5.msa2msa	cumulative	18176	18176	100.000000	0.000000e0	0
trunk	main_block.5.msa2pair	cumulative	967872	967872	100.000000	0.000000e0	0
trunk	main_block.5.pair2pair	cumulative	967872	967872	100.000000	0.000000e0	0
trunk	main_block.5.str2str.xyz	cumulative	639	639	100.000000	0.000000e0	0
trunk	main_block.5.str2str.state	cumulative	4544	4544	100.000000	0.000000e0	0
trunk	main_block.5.str2str.alpha	cumulative	2840	2840	100.000000	0.000000e0	0
trunk	main_block.5.str2str.quat	cumulative	284	284	100.000000	0.000000e0	0
trunk	main_block.6.msa2msa	cumulative	18176	18176	100.000000	0.000000e0	0
trunk	main_block.6.msa2pair	cumulative	967872	967872	100.000000	0.000000e0	0
trunk	main_block.6.pair2pair	cumulative	967872	967872	100.000000	0.000000e0	0
trunk	main_block.6.str2str.xyz	cumulative	639	639	100.000000	0.000000e0	0
trunk	main_block.6.str2str.state	cumulative	4544	4544	100.000000	0.000000e0	0
trunk	main_block.6.str2str.alpha	cumulative	2840	2840	100.000000	0.000000e0	0
trunk	main_block.6.str2str.quat	cumulative	284	284	100.000000	0.000000e0	0
trunk	main_block.7.msa2msa	cumulative	18176	18176	100.000000	0.000000e0	0
trunk	main_block.7.msa2pair	cumulative	967872	967872	100.000000	0.000000e0	0
trunk	main_block.7.pair2pair	cumulative	967872	967872	100.000000	0.000000e0	0
trunk	main_block.7.str2str.xyz	cumulative	639	639	100.000000	0.000000e0	0
trunk	main_block.7.str2str.state	cumulative	4544	4544	100.000000	0.000000e0	0
trunk	main_block.7.str2str.alpha	cumulative	2840	2840	100.000000	0.000000e0	0
trunk	main_block.7.str2str.quat	cumulative	284	284	100.000000	0.000000e0	0
trunk	main_block.8.msa2msa	cumulative	18176	18176	100.000000	0.000000e0	0
trunk	main_block.8.msa2pair	cumulative	967872	967872	100.000000	0.000000e0	0
trunk	main_block.8.pair2pair	cumulative	967872	967872	100.000000	0.000000e0	0
trunk	main_block.8.str2str.xyz	cumulative	639	639	100.000000	0.000000e0	0
trunk	main_block.8.str2str.state	cumulative	4544	4544	100.000000	0.000000e0	0
trunk	main_block.8.str2str.alpha	cumulative	2840	2840	100.000000	0.000000e0	0
trunk	main_block.8.str2str.quat	cumulative	284	284	100.000000	0.000000e0	0
trunk	main_block.9.msa2msa	cumulative	18176	18176	100.000000	0.000000e0	0
trunk	main_block.9.msa2pair	cumulative	967872	967872	100.000000	0.000000e0	0
trunk	main_block.9.pair2pair	cumulative	967872	967872	100.000000	0.000000e0	0
trunk	main_block.9.str2str.xyz	cumulative	639	639	100.000000	0.000000e0	0
trunk	main_block.9.str2str.state	cumulative	4544	4544	100.000000	0.000000e0	0
trunk	main_block.9.str2str.alpha	cumulative	2840	2840	100.000000	0.000000e0	0
trunk	main_block.9.str2str.quat	cumulative	284	284	100.000000	0.000000e0	0
trunk	main_block.10.msa2msa	cumulative	18176	18176	100.000000	0.000000e0	0
trunk	main_block.10.msa2pair	cumulative	967872	967872	100.000000	0.000000e0	0
trunk	main_block.10.pair2pair	cumulative	967872	967872	100.000000	0.000000e0	0
trunk	main_block.10.str2str.xyz	cumulative	639	639	100.000000	0.000000e0	0
trunk	main_block.10.str2str.state	cumulative	4544	4544	100.000000	0.000000e0	0
trunk	main_block.10.str2str.alpha	cumulative	2840	2840	100.000000	0.000000e0	0
trunk	main_block.10.str2str.quat	cumulative	284	284	100.000000	0.000000e0	0
trunk	main_block.11.msa2msa	cumulative	18176	18176	100.000000	0.000000e0	0
trunk	main_block.11.msa2pair	cumulative	967872	967872	100.000000	0.000000e0	0
trunk	main_block.11.pair2pair	cumulative	967872	967872	100.000000	0.000000e0	0
trunk	main_block.11.str2str.xyz	cumulative	639	639	100.000000	0.000000e0	0
trunk	main_block.11.str2str.state	cumulative	4544	4544	100.000000	0.000000e0	0
trunk	main_block.11.str2str.alpha	cumulative	2840	2840	100.000000	0.000000e0	0
trunk	main_block.11.str2str.quat	cumulative	284	284	100.000000	0.000000e0	0
trunk	main_block.12.msa2msa	cumulative	18176	18176	100.000000	0.000000e0	0
trunk	main_block.12.msa2pair	cumulative	967872	967872	100.000000	0.000000e0	0
trunk	main_block.12.pair2pair	cumulative	967872	967872	100.000000	0.000000e0	0
trunk	main_block.12.str2str.xyz	cumulative	639	639	100.000000	0.000000e0	0
trunk	main_block.12.str2str.state	cumulative	4544	4544	100.000000	0.000000e0	0
trunk	main_block.12.str2str.alpha	cumulative	2840	2840	100.000000	0.000000e0	0
trunk	main_block.12.str2str.quat	cumulative	284	284	100.000000	0.000000e0	0
trunk	main_block.13.msa2msa	cumulative	18176	18176	100.000000	0.000000e0	0
trunk	main_block.13.msa2pair	cumulative	967872	967872	100.000000	0.000000e0	0
trunk	main_block.13.pair2pair	cumulative	967872	967872	100.000000	0.000000e0	0
trunk	main_block.13.str2str.xyz	cumulative	639	639	100.000000	0.000000e0	0
trunk	main_block.13.str2str.state	cumulative	4544	4544	100.000000	0.000000e0	0
trunk	main_block.13.str2str.alpha	cumulative	2840	2840	100.000000	0.000000e0	0
trunk	main_block.13.str2str.quat	cumulative	284	284	100.000000	0.000000e0	0
trunk	main_block.14.msa2msa	cumulative	18176	18176	100.000000	0.000000e0	0
trunk	main_block.14.msa2pair	cumulative	967872	967872	100.000000	0.000000e0	0
trunk	main_block.14.pair2pair	cumulative	967872	967872	100.000000	0.000000e0	0
trunk	main_block.14.str2str.xyz	cumulative	639	639	100.000000	0.000000e0	0
trunk	main_block.14.str2str.state	cumulative	4544	4544	100.000000	0.000000e0	0
trunk	main_block.14.str2str.alpha	cumulative	2840	2840	100.000000	0.000000e0	0
trunk	main_block.14.str2str.quat	cumulative	284	284	100.000000	0.000000e0	0
trunk	main_block.15.msa2msa	cumulative	18176	18176	100.000000	0.000000e0	0
trunk	main_block.15.msa2pair	cumulative	967872	967872	100.000000	0.000000e0	0
trunk	main_block.15.pair2pair	cumulative	967872	967872	100.000000	0.000000e0	0
trunk	main_block.15.str2str.xyz	cumulative	639	639	100.000000	0.000000e0	0
trunk	main_block.15.str2str.state	cumulative	4544	4544	100.000000	0.000000e0	0
trunk	main_block.15.str2str.alpha	cumulative	2840	2840	100.000000	0.000000e0	0
trunk	main_block.15.str2str.quat	cumulative	284	284	100.000000	0.000000e0	0
trunk	main_block.16.msa2msa	cumulative	18176	18176	100.000000	0.000000e0	0
trunk	main_block.16.msa2pair	cumulative	967872	967872	100.000000	0.000000e0	0
trunk	main_block.16.pair2pair	cumulative	967872	967872	100.000000	0.000000e0	0
trunk	main_block.16.str2str.xyz	cumulative	639	639	100.000000	0.000000e0	0
trunk	main_block.16.str2str.state	cumulative	4544	4544	100.000000	0.000000e0	0
trunk	main_block.16.str2str.alpha	cumulative	2840	2840	100.000000	0.000000e0	0
trunk	main_block.16.str2str.quat	cumulative	284	284	100.000000	0.000000e0	0
trunk	main_block.17.msa2msa	cumulative	18176	18176	100.000000	0.000000e0	0
trunk	main_block.17.msa2pair	cumulative	967872	967872	100.000000	0.000000e0	0
trunk	main_block.17.pair2pair	cumulative	967872	967872	100.000000	0.000000e0	0
trunk	main_block.17.str2str.xyz	cumulative	639	639	100.000000	0.000000e0	0
trunk	main_block.17.str2str.state	cumulative	4544	4544	100.000000	0.000000e0	0
trunk	main_block.17.str2str.alpha	cumulative	2840	2840	100.000000	0.000000e0	0
trunk	main_block.17.str2str.quat	cumulative	284	284	100.000000	0.000000e0	0
trunk	main_block.18.msa2msa	cumulative	18176	18176	100.000000	0.000000e0	0
trunk	main_block.18.msa2pair	cumulative	967872	967872	100.000000	0.000000e0	0
trunk	main_block.18.pair2pair	cumulative	967872	967872	100.000000	0.000000e0	0
trunk	main_block.18.str2str.xyz	cumulative	639	639	100.000000	0.000000e0	0
trunk	main_block.18.str2str.state	cumulative	4544	4544	100.000000	0.000000e0	0
trunk	main_block.18.str2str.alpha	cumulative	2840	2840	100.000000	0.000000e0	0
trunk	main_block.18.str2str.quat	cumulative	284	284	100.000000	0.000000e0	0
trunk	main_block.19.msa2msa	cumulative	18176	18176	100.000000	0.000000e0	0
trunk	main_block.19.msa2pair	cumulative	967872	967872	100.000000	0.000000e0	0
trunk	main_block.19.pair2pair	cumulative	967872	967872	100.000000	0.000000e0	0
trunk	main_block.19.str2str.xyz	cumulative	639	639	100.000000	0.000000e0	0
trunk	main_block.19.str2str.state	cumulative	4544	4544	100.000000	0.000000e0	0
trunk	main_block.19.str2str.alpha	cumulative	2840	2840	100.000000	0.000000e0	0
trunk	main_block.19.str2str.quat	cumulative	284	284	100.000000	0.000000e0	0
trunk	main_block.20.msa2msa	cumulative	18176	18176	100.000000	0.000000e0	0
trunk	main_block.20.msa2pair	cumulative	967872	967872	100.000000	0.000000e0	0
trunk	main_block.20.pair2pair	cumulative	967872	967872	100.000000	0.000000e0	0
trunk	main_block.20.str2str.xyz	cumulative	639	639	100.000000	0.000000e0	0
trunk	main_block.20.str2str.state	cumulative	4544	4544	100.000000	0.000000e0	0
trunk	main_block.20.str2str.alpha	cumulative	2840	2840	100.000000	0.000000e0	0
trunk	main_block.20.str2str.quat	cumulative	284	284	100.000000	0.000000e0	0
trunk	main_block.21.msa2msa	cumulative	18176	18176	100.000000	0.000000e0	0
trunk	main_block.21.msa2pair	cumulative	967872	967872	100.000000	0.000000e0	0
trunk	main_block.21.pair2pair	cumulative	967872	967872	100.000000	0.000000e0	0
trunk	main_block.21.str2str.xyz	cumulative	639	639	100.000000	0.000000e0	0
trunk	main_block.21.str2str.state	cumulative	4544	4544	100.000000	0.000000e0	0
trunk	main_block.21.str2str.alpha	cumulative	2840	2840	100.000000	0.000000e0	0
trunk	main_block.21.str2str.quat	cumulative	284	284	100.000000	0.000000e0	0
trunk	main_block.22.msa2msa	cumulative	18176	18176	100.000000	0.000000e0	0
trunk	main_block.22.msa2pair	cumulative	967872	967872	100.000000	0.000000e0	0
trunk	main_block.22.pair2pair	cumulative	967872	967872	100.000000	0.000000e0	0
trunk	main_block.22.str2str.xyz	cumulative	639	639	100.000000	0.000000e0	0
trunk	main_block.22.str2str.state	cumulative	4544	4544	100.000000	0.000000e0	0
trunk	main_block.22.str2str.alpha	cumulative	2840	2840	100.000000	0.000000e0	0
trunk	main_block.22.str2str.quat	cumulative	284	284	100.000000	0.000000e0	0
trunk	main_block.23.msa2msa	cumulative	18176	18176	100.000000	0.000000e0	0
trunk	main_block.23.msa2pair	cumulative	967872	967872	100.000000	0.000000e0	0
trunk	main_block.23.pair2pair	cumulative	967872	964391	99.640345	3.051758e-5	512
trunk	main_block.23.str2str.xyz	cumulative	639	638	99.843505	4.768372e-7	1
trunk	main_block.23.str2str.state	cumulative	4544	3588	78.961268	4.768372e-7	1314
trunk	main_block.23.str2str.alpha	cumulative	2840	2101	73.978873	5.960464e-8	649
trunk	main_block.23.str2str.quat	cumulative	284	262	92.253521	9.313226e-9	32
trunk	main_block.24.msa2msa	cumulative	18176	15772	86.773768	7.629395e-6	1024
trunk	main_block.24.msa2pair	cumulative	967872	875535	90.459792	3.051758e-5	262144
trunk	main_block.24.pair2pair	cumulative	967872	803848	83.053131	6.103516e-5	8448
trunk	main_block.24.str2str.xyz	cumulative	639	637	99.687011	4.768372e-7	1
trunk	main_block.24.str2str.state	cumulative	4544	2127	46.808979	5.364418e-7	43272
trunk	main_block.24.str2str.alpha	cumulative	2840	1063	37.429577	5.960464e-8	3292
trunk	main_block.24.str2str.quat	cumulative	284	234	82.394366	4.423782e-9	1068
trunk	main_block.25.msa2msa	cumulative	18176	12189	67.060960	1.525879e-5	24064
trunk	main_block.25.msa2pair	cumulative	967872	730519	75.476819	6.103516e-5	262144
trunk	main_block.25.pair2pair	cumulative	967872	677713	70.020933	6.103516e-5	720896
trunk	main_block.25.str2str.xyz	cumulative	639	631	98.748044	4.768372e-7	1
trunk	main_block.25.str2str.state	cumulative	4544	1486	32.702465	7.152557e-7	4298
trunk	main_block.25.str2str.alpha	cumulative	2840	806	28.380282	8.195639e-8	1316
trunk	main_block.25.str2str.quat	cumulative	284	238	83.802817	2.793968e-9	856
trunk	main_block.26.msa2msa	cumulative	18176	10723	58.995379	1.525879e-5	10368
trunk	main_block.26.msa2pair	cumulative	967872	632166	65.315042	6.103516e-5	43008
trunk	main_block.26.pair2pair	cumulative	967872	580018	59.927139	6.103516e-5	66560
trunk	main_block.26.str2str.xyz	cumulative	639	606	94.835681	9.536743e-7	8
trunk	main_block.26.str2str.state	cumulative	4544	1590	34.991197	1.370907e-6	3131
trunk	main_block.26.str2str.alpha	cumulative	2840	892	31.408451	2.756715e-7	8498
trunk	main_block.26.str2str.quat	cumulative	284	228	80.281690	8.149073e-10	85
trunk	main_block.27.msa2msa	cumulative	18176	10128	55.721831	3.051758e-5	2048
trunk	main_block.27.msa2pair	cumulative	967872	549060	56.728576	6.103516e-5	114688
trunk	main_block.27.pair2pair	cumulative	967872	502041	51.870599	6.103516e-5	278528
trunk	main_block.27.str2str.xyz	cumulative	639	607	94.992175	9.536743e-7	8
trunk	main_block.27.str2str.state	cumulative	4544	3545	78.014965	4.768372e-7	5733
trunk	main_block.27.str2str.alpha	cumulative	2840	1380	48.591549	5.960464e-8	2525
trunk	main_block.27.str2str.quat	cumulative	284	284	100.000000	0.000000e0	0
trunk	main_block.28.msa2msa	cumulative	18176	10148	55.831866	3.051758e-5	57856
trunk	main_block.28.msa2pair	cumulative	967872	483573	49.962495	6.103516e-5	135168
trunk	main_block.28.pair2pair	cumulative	967872	465236	48.067926	9.155273e-5	917504
trunk	main_block.28.str2str.xyz	cumulative	639	595	93.114241	9.536743e-7	24
trunk	main_block.28.str2str.state	cumulative	4544	4239	93.287852	4.768372e-7	255
trunk	main_block.28.str2str.alpha	cumulative	2840	1350	47.535211	5.960464e-8	71896
trunk	main_block.28.str2str.quat	cumulative	284	231	81.338028	7.130438e-10	1001
trunk	main_block.29.msa2msa	cumulative	18176	10265	56.475572	3.051758e-5	1724
trunk	main_block.29.msa2pair	cumulative	967872	454331	46.941228	9.155273e-5	393216
trunk	main_block.29.pair2pair	cumulative	967872	459165	47.440674	9.155273e-5	98304
trunk	main_block.29.str2str.xyz	cumulative	639	599	93.740219	9.536743e-7	11
trunk	main_block.29.str2str.state	cumulative	4544	3672	80.809859	2.384186e-7	115
trunk	main_block.29.str2str.alpha	cumulative	2840	1201	42.288732	5.960464e-8	230019
trunk	main_block.29.str2str.quat	cumulative	284	230	80.985915	6.053597e-9	360
trunk	main_block.30.msa2msa	cumulative	18176	11622	63.941461	3.051758e-5	19968
trunk	main_block.30.msa2pair	cumulative	967872	696438	71.955589	9.155273e-5	49152
trunk	main_block.30.pair2pair	cumulative	967872	704965	72.836594	9.155273e-5	524288
trunk	main_block.30.str2str.xyz	cumulative	639	600	93.896714	9.536743e-7	11
trunk	main_block.30.str2str.state	cumulative	4544	4047	89.062500	1.192093e-7	620
trunk	main_block.30.str2str.alpha	cumulative	2840	1445	50.880282	5.960464e-8	38410
trunk	main_block.30.str2str.quat	cumulative	284	284	100.000000	0.000000e0	0
trunk	main_block.31.msa2msa	cumulative	18176	12504	68.794014	6.103516e-5	16384
trunk	main_block.31.msa2pair	cumulative	967872	750227	77.513039	1.220703e-4	65536
trunk	main_block.31.pair2pair	cumulative	967872	750028	77.492478	1.220703e-4	65664
trunk	main_block.31.str2str.xyz	cumulative	639	600	93.896714	9.536743e-7	11
trunk	main_block.31.str2str.state	cumulative	4544	4434	97.579225	1.192093e-7	1
trunk	main_block.31.str2str.alpha	cumulative	2840	1201	42.288732	5.960464e-8	3877
trunk	main_block.31.str2str.quat	cumulative	284	284	100.000000	0.000000e0	0
refiner	str_refiner[0].xyz	cumulative	639	600	93.896714	9.536743e-7	11
refiner	str_refiner[0].state	cumulative	4544	2348	51.672535	4.768372e-7	741
refiner	str_refiner[0].alpha	cumulative	2840	1095	38.556338	5.960464e-8	1844
refiner	str_refiner[0].quat	cumulative	284	281	98.943662	9.094947e-11	60
refiner	str_refiner[1].xyz	cumulative	639	600	93.896714	9.536743e-7	11
refiner	str_refiner[1].state	cumulative	4544	3147	69.256162	2.384186e-7	12343
refiner	str_refiner[1].alpha	cumulative	2840	1123	39.542254	5.960464e-8	10013
refiner	str_refiner[1].quat	cumulative	284	281	98.943662	4.206413e-11	392
refiner	str_refiner[2].xyz	cumulative	639	600	93.896714	9.536743e-7	11
refiner	str_refiner[2].state	cumulative	4544	2527	55.611796	4.768372e-7	314
refiner	str_refiner[2].alpha	cumulative	2840	1128	39.718310	5.960464e-8	2918
refiner	str_refiner[2].quat	cumulative	284	284	100.000000	0.000000e0	0
refiner	str_refiner[3].xyz	cumulative	639	600	93.896714	9.536743e-7	11
refiner	str_refiner[3].state	cumulative	4544	3254	71.610915	2.384186e-7	53
refiner	str_refiner[3].alpha	cumulative	2840	1156	40.704225	5.960464e-8	675
refiner	str_refiner[3].quat	cumulative	284	281	98.943662	1.455192e-11	79
refiner	compute_all_atom	cumulative	7668	6966	90.845070	1.907349e-6	20
refiner	simulator.msa	cumulative	18176	12504	68.794014	6.103516e-5	16384
refiner	simulator.pair	cumulative	967872	750028	77.492478	1.220703e-4	65664
refiner	simulator.state	cumulative	4544	3254	71.610915	2.384186e-7	53
trunk	extra_block.0.msa2msa	standalone	4544	4544	100.000000	0.000000e0	0
trunk	extra_block.0.msa2pair	standalone	967872	967872	100.000000	0.000000e0	0
trunk	extra_block.0.pair2pair	standalone	967872	967872	100.000000	0.000000e0	0
trunk	extra_block.0.str2str.xyz	standalone	639	639	100.000000	0.000000e0	0
trunk	extra_block.0.str2str.state	standalone	4544	4544	100.000000	0.000000e0	0
trunk	extra_block.0.str2str.alpha	standalone	2840	2840	100.000000	0.000000e0	0
trunk	extra_block.0.str2str.quat	standalone	284	284	100.000000	0.000000e0	0
trunk	extra_block.1.msa2msa	standalone	4544	4544	100.000000	0.000000e0	0
trunk	extra_block.1.msa2pair	standalone	967872	967872	100.000000	0.000000e0	0
trunk	extra_block.1.pair2pair	standalone	967872	967872	100.000000	0.000000e0	0
trunk	extra_block.1.str2str.xyz	standalone	639	639	100.000000	0.000000e0	0
trunk	extra_block.1.str2str.state	standalone	4544	4544	100.000000	0.000000e0	0
trunk	extra_block.1.str2str.alpha	standalone	2840	2840	100.000000	0.000000e0	0
trunk	extra_block.1.str2str.quat	standalone	284	284	100.000000	0.000000e0	0
trunk	extra_block.2.msa2msa	standalone	4544	4544	100.000000	0.000000e0	0
trunk	extra_block.2.msa2pair	standalone	967872	967872	100.000000	0.000000e0	0
trunk	extra_block.2.pair2pair	standalone	967872	967872	100.000000	0.000000e0	0
trunk	extra_block.2.str2str.xyz	standalone	639	639	100.000000	0.000000e0	0
trunk	extra_block.2.str2str.state	standalone	4544	4544	100.000000	0.000000e0	0
trunk	extra_block.2.str2str.alpha	standalone	2840	2840	100.000000	0.000000e0	0
trunk	extra_block.2.str2str.quat	standalone	284	284	100.000000	0.000000e0	0
trunk	extra_block.3.msa2msa	standalone	4544	4544	100.000000	0.000000e0	0
trunk	extra_block.3.msa2pair	standalone	967872	967872	100.000000	0.000000e0	0
trunk	extra_block.3.pair2pair	standalone	967872	967872	100.000000	0.000000e0	0
trunk	extra_block.3.str2str.xyz	standalone	639	639	100.000000	0.000000e0	0
trunk	extra_block.3.str2str.state	standalone	4544	4544	100.000000	0.000000e0	0
trunk	extra_block.3.str2str.alpha	standalone	2840	2840	100.000000	0.000000e0	0
trunk	extra_block.3.str2str.quat	standalone	284	284	100.000000	0.000000e0	0
trunk	main_block.0.msa2msa	standalone	18176	18176	100.000000	0.000000e0	0
trunk	main_block.0.msa2pair	standalone	967872	967872	100.000000	0.000000e0	0
trunk	main_block.0.pair2pair	standalone	967872	967872	100.000000	0.000000e0	0
trunk	main_block.0.str2str.xyz	standalone	639	639	100.000000	0.000000e0	0
trunk	main_block.0.str2str.state	standalone	4544	4544	100.000000	0.000000e0	0
trunk	main_block.0.str2str.alpha	standalone	2840	2840	100.000000	0.000000e0	0
trunk	main_block.0.str2str.quat	standalone	284	284	100.000000	0.000000e0	0
trunk	main_block.1.msa2msa	standalone	18176	18176	100.000000	0.000000e0	0
trunk	main_block.1.msa2pair	standalone	967872	967872	100.000000	0.000000e0	0
trunk	main_block.1.pair2pair	standalone	967872	967872	100.000000	0.000000e0	0
trunk	main_block.1.str2str.xyz	standalone	639	639	100.000000	0.000000e0	0
trunk	main_block.1.str2str.state	standalone	4544	4544	100.000000	0.000000e0	0
trunk	main_block.1.str2str.alpha	standalone	2840	2840	100.000000	0.000000e0	0
trunk	main_block.1.str2str.quat	standalone	284	284	100.000000	0.000000e0	0
trunk	main_block.2.msa2msa	standalone	18176	18176	100.000000	0.000000e0	0
trunk	main_block.2.msa2pair	standalone	967872	967872	100.000000	0.000000e0	0
trunk	main_block.2.pair2pair	standalone	967872	967872	100.000000	0.000000e0	0
trunk	main_block.2.str2str.xyz	standalone	639	639	100.000000	0.000000e0	0
trunk	main_block.2.str2str.state	standalone	4544	4544	100.000000	0.000000e0	0
trunk	main_block.2.str2str.alpha	standalone	2840	2840	100.000000	0.000000e0	0
trunk	main_block.2.str2str.quat	standalone	284	284	100.000000	0.000000e0	0
trunk	main_block.3.msa2msa	standalone	18176	18176	100.000000	0.000000e0	0
trunk	main_block.3.msa2pair	standalone	967872	967872	100.000000	0.000000e0	0
trunk	main_block.3.pair2pair	standalone	967872	967872	100.000000	0.000000e0	0
trunk	main_block.3.str2str.xyz	standalone	639	639	100.000000	0.000000e0	0
trunk	main_block.3.str2str.state	standalone	4544	4544	100.000000	0.000000e0	0
trunk	main_block.3.str2str.alpha	standalone	2840	2840	100.000000	0.000000e0	0
trunk	main_block.3.str2str.quat	standalone	284	284	100.000000	0.000000e0	0
trunk	main_block.4.msa2msa	standalone	18176	18176	100.000000	0.000000e0	0
trunk	main_block.4.msa2pair	standalone	967872	967872	100.000000	0.000000e0	0
trunk	main_block.4.pair2pair	standalone	967872	967872	100.000000	0.000000e0	0
trunk	main_block.4.str2str.xyz	standalone	639	639	100.000000	0.000000e0	0
trunk	main_block.4.str2str.state	standalone	4544	4544	100.000000	0.000000e0	0
trunk	main_block.4.str2str.alpha	standalone	2840	2840	100.000000	0.000000e0	0
trunk	main_block.4.str2str.quat	standalone	284	284	100.000000	0.000000e0	0
trunk	main_block.5.msa2msa	standalone	18176	18176	100.000000	0.000000e0	0
trunk	main_block.5.msa2pair	standalone	967872	967872	100.000000	0.000000e0	0
trunk	main_block.5.pair2pair	standalone	967872	967872	100.000000	0.000000e0	0
trunk	main_block.5.str2str.xyz	standalone	639	639	100.000000	0.000000e0	0
trunk	main_block.5.str2str.state	standalone	4544	4544	100.000000	0.000000e0	0
trunk	main_block.5.str2str.alpha	standalone	2840	2840	100.000000	0.000000e0	0
trunk	main_block.5.str2str.quat	standalone	284	284	100.000000	0.000000e0	0
trunk	main_block.6.msa2msa	standalone	18176	18176	100.000000	0.000000e0	0
trunk	main_block.6.msa2pair	standalone	967872	967872	100.000000	0.000000e0	0
trunk	main_block.6.pair2pair	standalone	967872	967872	100.000000	0.000000e0	0
trunk	main_block.6.str2str.xyz	standalone	639	639	100.000000	0.000000e0	0
trunk	main_block.6.str2str.state	standalone	4544	4544	100.000000	0.000000e0	0
trunk	main_block.6.str2str.alpha	standalone	2840	2840	100.000000	0.000000e0	0
trunk	main_block.6.str2str.quat	standalone	284	284	100.000000	0.000000e0	0
trunk	main_block.7.msa2msa	standalone	18176	18176	100.000000	0.000000e0	0
trunk	main_block.7.msa2pair	standalone	967872	967872	100.000000	0.000000e0	0
trunk	main_block.7.pair2pair	standalone	967872	967872	100.000000	0.000000e0	0
trunk	main_block.7.str2str.xyz	standalone	639	639	100.000000	0.000000e0	0
trunk	main_block.7.str2str.state	standalone	4544	4544	100.000000	0.000000e0	0
trunk	main_block.7.str2str.alpha	standalone	2840	2840	100.000000	0.000000e0	0
trunk	main_block.7.str2str.quat	standalone	284	284	100.000000	0.000000e0	0
trunk	main_block.8.msa2msa	standalone	18176	18176	100.000000	0.000000e0	0
trunk	main_block.8.msa2pair	standalone	967872	967872	100.000000	0.000000e0	0
trunk	main_block.8.pair2pair	standalone	967872	967872	100.000000	0.000000e0	0
trunk	main_block.8.str2str.xyz	standalone	639	639	100.000000	0.000000e0	0
trunk	main_block.8.str2str.state	standalone	4544	4544	100.000000	0.000000e0	0
trunk	main_block.8.str2str.alpha	standalone	2840	2840	100.000000	0.000000e0	0
trunk	main_block.8.str2str.quat	standalone	284	284	100.000000	0.000000e0	0
trunk	main_block.9.msa2msa	standalone	18176	18176	100.000000	0.000000e0	0
trunk	main_block.9.msa2pair	standalone	967872	967872	100.000000	0.000000e0	0
trunk	main_block.9.pair2pair	standalone	967872	967872	100.000000	0.000000e0	0
trunk	main_block.9.str2str.xyz	standalone	639	639	100.000000	0.000000e0	0
trunk	main_block.9.str2str.state	standalone	4544	4544	100.000000	0.000000e0	0
trunk	main_block.9.str2str.alpha	standalone	2840	2840	100.000000	0.000000e0	0
trunk	main_block.9.str2str.quat	standalone	284	284	100.000000	0.000000e0	0
trunk	main_block.10.msa2msa	standalone	18176	18176	100.000000	0.000000e0	0
trunk	main_block.10.msa2pair	standalone	967872	967872	100.000000	0.000000e0	0
trunk	main_block.10.pair2pair	standalone	967872	967872	100.000000	0.000000e0	0
trunk	main_block.10.str2str.xyz	standalone	639	639	100.000000	0.000000e0	0
trunk	main_block.10.str2str.state	standalone	4544	4544	100.000000	0.000000e0	0
trunk	main_block.10.str2str.alpha	standalone	2840	2840	100.000000	0.000000e0	0
trunk	main_block.10.str2str.quat	standalone	284	284	100.000000	0.000000e0	0
trunk	main_block.11.msa2msa	standalone	18176	18176	100.000000	0.000000e0	0
trunk	main_block.11.msa2pair	standalone	967872	967872	100.000000	0.000000e0	0
trunk	main_block.11.pair2pair	standalone	967872	967872	100.000000	0.000000e0	0
trunk	main_block.11.str2str.xyz	standalone	639	639	100.000000	0.000000e0	0
trunk	main_block.11.str2str.state	standalone	4544	4544	100.000000	0.000000e0	0
trunk	main_block.11.str2str.alpha	standalone	2840	2840	100.000000	0.000000e0	0
trunk	main_block.11.str2str.quat	standalone	284	284	100.000000	0.000000e0	0
trunk	main_block.12.msa2msa	standalone	18176	18176	100.000000	0.000000e0	0
trunk	main_block.12.msa2pair	standalone	967872	967872	100.000000	0.000000e0	0
trunk	main_block.12.pair2pair	standalone	967872	967872	100.000000	0.000000e0	0
trunk	main_block.12.str2str.xyz	standalone	639	639	100.000000	0.000000e0	0
trunk	main_block.12.str2str.state	standalone	4544	4544	100.000000	0.000000e0	0
trunk	main_block.12.str2str.alpha	standalone	2840	2840	100.000000	0.000000e0	0
trunk	main_block.12.str2str.quat	standalone	284	284	100.000000	0.000000e0	0
trunk	main_block.13.msa2msa	standalone	18176	18176	100.000000	0.000000e0	0
trunk	main_block.13.msa2pair	standalone	967872	967872	100.000000	0.000000e0	0
trunk	main_block.13.pair2pair	standalone	967872	967872	100.000000	0.000000e0	0
trunk	main_block.13.str2str.xyz	standalone	639	639	100.000000	0.000000e0	0
trunk	main_block.13.str2str.state	standalone	4544	4544	100.000000	0.000000e0	0
trunk	main_block.13.str2str.alpha	standalone	2840	2840	100.000000	0.000000e0	0
trunk	main_block.13.str2str.quat	standalone	284	284	100.000000	0.000000e0	0
trunk	main_block.14.msa2msa	standalone	18176	18176	100.000000	0.000000e0	0
trunk	main_block.14.msa2pair	standalone	967872	967872	100.000000	0.000000e0	0
trunk	main_block.14.pair2pair	standalone	967872	967872	100.000000	0.000000e0	0
trunk	main_block.14.str2str.xyz	standalone	639	639	100.000000	0.000000e0	0
trunk	main_block.14.str2str.state	standalone	4544	4544	100.000000	0.000000e0	0
trunk	main_block.14.str2str.alpha	standalone	2840	2840	100.000000	0.000000e0	0
trunk	main_block.14.str2str.quat	standalone	284	284	100.000000	0.000000e0	0
trunk	main_block.15.msa2msa	standalone	18176	18176	100.000000	0.000000e0	0
trunk	main_block.15.msa2pair	standalone	967872	967872	100.000000	0.000000e0	0
trunk	main_block.15.pair2pair	standalone	967872	967872	100.000000	0.000000e0	0
trunk	main_block.15.str2str.xyz	standalone	639	639	100.000000	0.000000e0	0
trunk	main_block.15.str2str.state	standalone	4544	4544	100.000000	0.000000e0	0
trunk	main_block.15.str2str.alpha	standalone	2840	2840	100.000000	0.000000e0	0
trunk	main_block.15.str2str.quat	standalone	284	284	100.000000	0.000000e0	0
trunk	main_block.16.msa2msa	standalone	18176	18176	100.000000	0.000000e0	0
trunk	main_block.16.msa2pair	standalone	967872	967872	100.000000	0.000000e0	0
trunk	main_block.16.pair2pair	standalone	967872	967872	100.000000	0.000000e0	0
trunk	main_block.16.str2str.xyz	standalone	639	639	100.000000	0.000000e0	0
trunk	main_block.16.str2str.state	standalone	4544	4544	100.000000	0.000000e0	0
trunk	main_block.16.str2str.alpha	standalone	2840	2840	100.000000	0.000000e0	0
trunk	main_block.16.str2str.quat	standalone	284	284	100.000000	0.000000e0	0
trunk	main_block.17.msa2msa	standalone	18176	18176	100.000000	0.000000e0	0
trunk	main_block.17.msa2pair	standalone	967872	967872	100.000000	0.000000e0	0
trunk	main_block.17.pair2pair	standalone	967872	967872	100.000000	0.000000e0	0
trunk	main_block.17.str2str.xyz	standalone	639	639	100.000000	0.000000e0	0
trunk	main_block.17.str2str.state	standalone	4544	4544	100.000000	0.000000e0	0
trunk	main_block.17.str2str.alpha	standalone	2840	2840	100.000000	0.000000e0	0
trunk	main_block.17.str2str.quat	standalone	284	284	100.000000	0.000000e0	0
trunk	main_block.18.msa2msa	standalone	18176	18176	100.000000	0.000000e0	0
trunk	main_block.18.msa2pair	standalone	967872	967872	100.000000	0.000000e0	0
trunk	main_block.18.pair2pair	standalone	967872	967872	100.000000	0.000000e0	0
trunk	main_block.18.str2str.xyz	standalone	639	639	100.000000	0.000000e0	0
trunk	main_block.18.str2str.state	standalone	4544	4544	100.000000	0.000000e0	0
trunk	main_block.18.str2str.alpha	standalone	2840	2840	100.000000	0.000000e0	0
trunk	main_block.18.str2str.quat	standalone	284	284	100.000000	0.000000e0	0
trunk	main_block.19.msa2msa	standalone	18176	18176	100.000000	0.000000e0	0
trunk	main_block.19.msa2pair	standalone	967872	967872	100.000000	0.000000e0	0
trunk	main_block.19.pair2pair	standalone	967872	967872	100.000000	0.000000e0	0
trunk	main_block.19.str2str.xyz	standalone	639	639	100.000000	0.000000e0	0
trunk	main_block.19.str2str.state	standalone	4544	4544	100.000000	0.000000e0	0
trunk	main_block.19.str2str.alpha	standalone	2840	2840	100.000000	0.000000e0	0
trunk	main_block.19.str2str.quat	standalone	284	284	100.000000	0.000000e0	0
trunk	main_block.20.msa2msa	standalone	18176	18176	100.000000	0.000000e0	0
trunk	main_block.20.msa2pair	standalone	967872	967872	100.000000	0.000000e0	0
trunk	main_block.20.pair2pair	standalone	967872	967872	100.000000	0.000000e0	0
trunk	main_block.20.str2str.xyz	standalone	639	639	100.000000	0.000000e0	0
trunk	main_block.20.str2str.state	standalone	4544	4544	100.000000	0.000000e0	0
trunk	main_block.20.str2str.alpha	standalone	2840	2840	100.000000	0.000000e0	0
trunk	main_block.20.str2str.quat	standalone	284	284	100.000000	0.000000e0	0
trunk	main_block.21.msa2msa	standalone	18176	18176	100.000000	0.000000e0	0
trunk	main_block.21.msa2pair	standalone	967872	967872	100.000000	0.000000e0	0
trunk	main_block.21.pair2pair	standalone	967872	967872	100.000000	0.000000e0	0
trunk	main_block.21.str2str.xyz	standalone	639	639	100.000000	0.000000e0	0
trunk	main_block.21.str2str.state	standalone	4544	4544	100.000000	0.000000e0	0
trunk	main_block.21.str2str.alpha	standalone	2840	2840	100.000000	0.000000e0	0
trunk	main_block.21.str2str.quat	standalone	284	284	100.000000	0.000000e0	0
trunk	main_block.22.msa2msa	standalone	18176	18176	100.000000	0.000000e0	0
trunk	main_block.22.msa2pair	standalone	967872	967872	100.000000	0.000000e0	0
trunk	main_block.22.pair2pair	standalone	967872	967872	100.000000	0.000000e0	0
trunk	main_block.22.str2str.xyz	standalone	639	639	100.000000	0.000000e0	0
trunk	main_block.22.str2str.state	standalone	4544	4544	100.000000	0.000000e0	0
trunk	main_block.22.str2str.alpha	standalone	2840	2840	100.000000	0.000000e0	0
trunk	main_block.22.str2str.quat	standalone	284	284	100.000000	0.000000e0	0
trunk	main_block.23.msa2msa	standalone	18176	18176	100.000000	0.000000e0	0
trunk	main_block.23.msa2pair	standalone	967872	967872	100.000000	0.000000e0	0
trunk	main_block.23.pair2pair	standalone	967872	964391	99.640345	3.051758e-5	512
trunk	main_block.23.str2str.xyz	standalone	639	638	99.843505	4.768372e-7	1
trunk	main_block.23.str2str.state	standalone	4544	3588	78.961268	4.768372e-7	1314
trunk	main_block.23.str2str.alpha	standalone	2840	2101	73.978873	5.960464e-8	649
trunk	main_block.23.str2str.quat	standalone	284	262	92.253521	9.313226e-9	32
trunk	main_block.24.msa2msa	standalone	18176	18176	100.000000	0.000000e0	0
trunk	main_block.24.msa2pair	standalone	967872	967872	100.000000	0.000000e0	0
trunk	main_block.24.pair2pair	standalone	967872	967872	100.000000	0.000000e0	0
trunk	main_block.24.str2str.xyz	standalone	639	639	100.000000	0.000000e0	0
trunk	main_block.24.str2str.state	standalone	4544	4544	100.000000	0.000000e0	0
trunk	main_block.24.str2str.alpha	standalone	2840	2840	100.000000	0.000000e0	0
trunk	main_block.24.str2str.quat	standalone	284	284	100.000000	0.000000e0	0
trunk	main_block.25.msa2msa	standalone	18176	18176	100.000000	0.000000e0	0
trunk	main_block.25.msa2pair	standalone	967872	967872	100.000000	0.000000e0	0
trunk	main_block.25.pair2pair	standalone	967872	967872	100.000000	0.000000e0	0
trunk	main_block.25.str2str.xyz	standalone	639	639	100.000000	0.000000e0	0
trunk	main_block.25.str2str.state	standalone	4544	4544	100.000000	0.000000e0	0
trunk	main_block.25.str2str.alpha	standalone	2840	2840	100.000000	0.000000e0	0
trunk	main_block.25.str2str.quat	standalone	284	284	100.000000	0.000000e0	0
trunk	main_block.26.msa2msa	standalone	18176	18176	100.000000	0.000000e0	0
trunk	main_block.26.msa2pair	standalone	967872	967872	100.000000	0.000000e0	0
trunk	main_block.26.pair2pair	standalone	967872	967872	100.000000	0.000000e0	0
trunk	main_block.26.str2str.xyz	standalone	639	639	100.000000	0.000000e0	0
trunk	main_block.26.str2str.state	standalone	4544	4544	100.000000	0.000000e0	0
trunk	main_block.26.str2str.alpha	standalone	2840	2840	100.000000	0.000000e0	0
trunk	main_block.26.str2str.quat	standalone	284	284	100.000000	0.000000e0	0
trunk	main_block.27.msa2msa	standalone	18176	18176	100.000000	0.000000e0	0
trunk	main_block.27.msa2pair	standalone	967872	967872	100.000000	0.000000e0	0
trunk	main_block.27.pair2pair	standalone	967872	967872	100.000000	0.000000e0	0
trunk	main_block.27.str2str.xyz	standalone	639	639	100.000000	0.000000e0	0
trunk	main_block.27.str2str.state	standalone	4544	4544	100.000000	0.000000e0	0
trunk	main_block.27.str2str.alpha	standalone	2840	2840	100.000000	0.000000e0	0
trunk	main_block.27.str2str.quat	standalone	284	284	100.000000	0.000000e0	0
trunk	main_block.28.msa2msa	standalone	18176	18176	100.000000	0.000000e0	0
trunk	main_block.28.msa2pair	standalone	967872	967872	100.000000	0.000000e0	0
trunk	main_block.28.pair2pair	standalone	967872	967872	100.000000	0.000000e0	0
trunk	main_block.28.str2str.xyz	standalone	639	639	100.000000	0.000000e0	0
trunk	main_block.28.str2str.state	standalone	4544	4544	100.000000	0.000000e0	0
trunk	main_block.28.str2str.alpha	standalone	2840	2840	100.000000	0.000000e0	0
trunk	main_block.28.str2str.quat	standalone	284	284	100.000000	0.000000e0	0
trunk	main_block.29.msa2msa	standalone	18176	18176	100.000000	0.000000e0	0
trunk	main_block.29.msa2pair	standalone	967872	967872	100.000000	0.000000e0	0
trunk	main_block.29.pair2pair	standalone	967872	967872	100.000000	0.000000e0	0
trunk	main_block.29.str2str.xyz	standalone	639	639	100.000000	0.000000e0	0
trunk	main_block.29.str2str.state	standalone	4544	4544	100.000000	0.000000e0	0
trunk	main_block.29.str2str.alpha	standalone	2840	2840	100.000000	0.000000e0	0
trunk	main_block.29.str2str.quat	standalone	284	284	100.000000	0.000000e0	0
trunk	main_block.30.msa2msa	standalone	18176	18176	100.000000	0.000000e0	0
trunk	main_block.30.msa2pair	standalone	967872	967872	100.000000	0.000000e0	0
trunk	main_block.30.pair2pair	standalone	967872	967872	100.000000	0.000000e0	0
trunk	main_block.30.str2str.xyz	standalone	639	639	100.000000	0.000000e0	0
trunk	main_block.30.str2str.state	standalone	4544	4544	100.000000	0.000000e0	0
trunk	main_block.30.str2str.alpha	standalone	2840	2840	100.000000	0.000000e0	0
trunk	main_block.30.str2str.quat	standalone	284	284	100.000000	0.000000e0	0
trunk	main_block.31.msa2msa	standalone	18176	18176	100.000000	0.000000e0	0
trunk	main_block.31.msa2pair	standalone	967872	967872	100.000000	0.000000e0	0
trunk	main_block.31.pair2pair	standalone	967872	967872	100.000000	0.000000e0	0
trunk	main_block.31.str2str.xyz	standalone	639	639	100.000000	0.000000e0	0
trunk	main_block.31.str2str.state	standalone	4544	4544	100.000000	0.000000e0	0
trunk	main_block.31.str2str.alpha	standalone	2840	2840	100.000000	0.000000e0	0
trunk	main_block.31.str2str.quat	standalone	284	284	100.000000	0.000000e0	0
heads	c6d.dist [untrained]	cumulative	307501	307501	100.000000	0.000000e0	0
heads	c6d.omega [untrained]	cumulative	186517	186517	100.000000	0.000000e0	0
heads	c6d.theta [untrained]	cumulative	186517	186517	100.000000	0.000000e0	0
heads	c6d.phi [untrained]	cumulative	95779	95779	100.000000	0.000000e0	0
heads	aa_pred [untrained]	cumulative	5680	5680	100.000000	0.000000e0	0
heads	lddt_pred [untrained]	cumulative	3550	3550	100.000000	0.000000e0	0
heads	pae_pred [untrained]	cumulative	322624	322624	100.000000	0.000000e0	0
heads	pde_pred [untrained]	cumulative	322624	322624	100.000000	0.000000e0	0
heads	bind_pred [untrained]	cumulative	1	1	100.000000	0.000000e0	0
wrapper	forward_from_rfi.atom37	cumulative	315240	314648	99.812207	9.536743e-7	2560
wrapper	forward_from_rfi.px0	cumulative	7881	7824	99.276742	9.536743e-7	32
output	written .pdb coordinates	e2e	483	462	95.652174	4.799986e-2	201326
