case	protein	ligands	contig	length	T	extra
p01_L30	M0636_1uaq	ZN,DUC	10,A64-64,10	-	2	-
p02_L31	M0710_1ra0	FE,FPY	10,A156-156,10	-	2	-
p03_L32	M0054_1qfe	DHS	10,A86-86,10	-	2	-
p04_L38	M0097_1ctt	ZN,DHZ	10,A102-102,10	-	2	-
p05_L45	M0375_4ts9	FMC,PO4	10,A20-20,10	-	2	-
p06_L49	M0179_1q3s	MG,ADP	10,A64-64,10	-	2	-
p07_L69	M0365_1pfk	FBP,MG,ADP	10,A11-11,10	-	2	-
p08_L71	M0584_1ldm	NAD,OXM	10,A106-106,10	-	2	-
p09_L82	M0315_1ey3	DAK	10,A98-98,10	-	2	-
p10_L117	M0093_1dqa	NAP,COA	10,A691-691,10	-	2	-
len05_L61	M0584_1ldm	NAD,OXM	5,A106-106,5	-	2	-
len25_L101	M0584_1ldm	NAD,OXM	25,A106-106,25	-	2	-
len40_L131	M0584_1ldm	NAD,OXM	40,A106-106,40	-	2	-
len05_s	M0179_1q3s	MG,ADP	5,A64-64,5	-	2	-
len25_s	M0179_1q3s	MG,ADP	25,A64-64,25	-	2	-
cfg_T10	M0584_1ldm	NAD,OXM	10,A106-106,10	-	10	-
cfg_T10s	M0179_1q3s	MG,ADP	10,A64-64,10	-	10	-
cfg_selfcond	M0584_1ldm	NAD,OXM	10,A106-106,10	-	2	selfcond
cfg_selfcond_s	M0179_1q3s	MG,ADP	10,A64-64,10	-	2	selfcond
cfg_varlen	M0584_1ldm	NAD,OXM	5-15,A106-106,5-15	25-25	2	-
cfg_varlen_s	M0179_1q3s	MG,ADP	5-15,A64-64,5-15	25-25	2	-
